mean,Var1,Var2,CI2.5,CI97.5,sd,n_eff,rhat,trial,condition,comorbidity,repo
1,Cardiovascular,Cardiovascular,1,1,0,NA,NA,GSK101468_169,Parkinson_Disease,Cardiovascular : Cardiovascular,GSK
0.21,Pain,Cardiovascular,-0.07,0.486,0.144,1961.43,1,GSK101468_169,Parkinson_Disease,Pain : Cardiovascular,GSK
0.17,Cardiovascular,Anxiety,-0.028,0.352,0.099,2120.82,1,GSK101468_169,Parkinson_Disease,Cardiovascular : Anxiety,GSK
0.44,Cardiovascular,Acid-related disease,0.181,0.655,0.121,2381.59,0.999,GSK101468_169,Parkinson_Disease,Cardiovascular : Acid-related disease,GSK
0.26,Cardiovascular,Arthritis,0.03,0.479,0.117,1718.27,1.004,GSK101468_169,Parkinson_Disease,Cardiovascular : Arthritis,GSK
0.33,Cardiovascular,Asthma,-0.095,0.711,0.208,2579.4,1,GSK101468_169,Parkinson_Disease,Cardiovascular : Asthma,GSK
1,Pain,Pain,1,1,0,2780.01,0.999,GSK101468_169,Parkinson_Disease,Pain : Pain,GSK
0.13,Pain,Anxiety,-0.165,0.412,0.148,846.87,1.002,GSK101468_169,Parkinson_Disease,Pain : Anxiety,GSK
0.4,Pain,Acid-related disease,0.079,0.675,0.157,1526.05,1.003,GSK101468_169,Parkinson_Disease,Pain : Acid-related disease,GSK
0.61,Pain,Arthritis,0.355,0.81,0.117,1319.59,1,GSK101468_169,Parkinson_Disease,Pain : Arthritis,GSK
-0.15,Pain,Asthma,-0.724,0.546,0.335,1384.84,1,GSK101468_169,Parkinson_Disease,Pain : Asthma,GSK
1,Anxiety,Anxiety,1,1,0,2716.83,0.999,GSK101468_169,Parkinson_Disease,Anxiety : Anxiety,GSK
0.19,Anxiety,Acid-related disease,-0.087,0.451,0.143,2447.53,1.001,GSK101468_169,Parkinson_Disease,Anxiety : Acid-related disease,GSK
0.29,Arthritis,Anxiety,0.065,0.502,0.114,2257.78,1,GSK101468_169,Parkinson_Disease,Arthritis : Anxiety,GSK
0.08,Asthma,Anxiety,-0.356,0.519,0.229,2379.06,1,GSK101468_169,Parkinson_Disease,Asthma : Anxiety,GSK
1,Acid-related disease,Acid-related disease,1,1,0,2030.94,0.999,GSK101468_169,Parkinson_Disease,Acid-related disease : Acid-related disease,GSK
-0.08,Arthritis,Acid-related disease,-0.418,0.261,0.176,1091.45,1.001,GSK101468_169,Parkinson_Disease,Arthritis : Acid-related disease,GSK
0.01,Asthma,Acid-related disease,-0.581,0.564,0.299,1542.44,1.001,GSK101468_169,Parkinson_Disease,Asthma : Acid-related disease,GSK
1,Arthritis,Arthritis,1,1,0,365.87,0.999,GSK101468_169,Parkinson_Disease,Arthritis : Arthritis,GSK
-0.08,Asthma,Arthritis,-0.633,0.482,0.294,1332.12,1.004,GSK101468_169,Parkinson_Disease,Asthma : Arthritis,GSK
1,Asthma,Asthma,1,1,0,728.98,0.999,GSK101468_169,Parkinson_Disease,Asthma : Asthma,GSK
1,Pain,Pain,1,1,0,NA,NA,GSK101468_204,Restless_legs_syndrome,Pain : Pain,GSK
0.06,Pain,Cardiovascular,-0.127,0.252,0.099,1041.38,1.003,GSK101468_204,Restless_legs_syndrome,Pain : Cardiovascular,GSK
0.26,Pain,Arthritis,0.071,0.437,0.094,1612.37,1,GSK101468_204,Restless_legs_syndrome,Pain : Arthritis,GSK
0.28,Pain,Anxiety,0.083,0.456,0.096,1388.69,1,GSK101468_204,Restless_legs_syndrome,Pain : Anxiety,GSK
0.27,Pain,Acid-related disease,0.074,0.457,0.098,1174.51,1.003,GSK101468_204,Restless_legs_syndrome,Pain : Acid-related disease,GSK
0.06,Pain,Asthma,-0.188,0.313,0.128,1065.78,1.001,GSK101468_204,Restless_legs_syndrome,Pain : Asthma,GSK
1,Cardiovascular,Cardiovascular,1,1,0,2936.11,0.999,GSK101468_204,Restless_legs_syndrome,Cardiovascular : Cardiovascular,GSK
0.03,Cardiovascular,Arthritis,-0.154,0.205,0.09,1890.19,1,GSK101468_204,Restless_legs_syndrome,Cardiovascular : Arthritis,GSK
0.12,Cardiovascular,Anxiety,-0.074,0.304,0.098,2086.77,0.999,GSK101468_204,Restless_legs_syndrome,Cardiovascular : Anxiety,GSK
0.22,Cardiovascular,Acid-related disease,0.031,0.392,0.091,1763.03,1,GSK101468_204,Restless_legs_syndrome,Cardiovascular : Acid-related disease,GSK
0.04,Cardiovascular,Asthma,-0.177,0.258,0.112,2234.95,1,GSK101468_204,Restless_legs_syndrome,Cardiovascular : Asthma,GSK
1,Arthritis,Arthritis,1,1,0,3024.28,0.999,GSK101468_204,Restless_legs_syndrome,Arthritis : Arthritis,GSK
0.17,Arthritis,Anxiety,-0.026,0.358,0.1,1287.56,1,GSK101468_204,Restless_legs_syndrome,Arthritis : Anxiety,GSK
-0.45,Arthritis,Acid-related disease,-0.65,-0.221,0.111,896.14,1.003,GSK101468_204,Restless_legs_syndrome,Arthritis : Acid-related disease,GSK
0.03,Asthma,Arthritis,-0.202,0.272,0.121,1443.92,1.001,GSK101468_204,Restless_legs_syndrome,Asthma : Arthritis,GSK
1,Anxiety,Anxiety,1,1,0,2706.81,0.999,GSK101468_204,Restless_legs_syndrome,Anxiety : Anxiety,GSK
0.1,Anxiety,Acid-related disease,-0.115,0.325,0.11,1647.99,1.001,GSK101468_204,Restless_legs_syndrome,Anxiety : Acid-related disease,GSK
0.29,Asthma,Anxiety,0.053,0.509,0.115,1699.59,1,GSK101468_204,Restless_legs_syndrome,Asthma : Anxiety,GSK
1,Acid-related disease,Acid-related disease,1,1,0,2636.04,0.999,GSK101468_204,Restless_legs_syndrome,Acid-related disease : Acid-related disease,GSK
0.27,Asthma,Acid-related disease,0.036,0.479,0.115,1804.16,1,GSK101468_204,Restless_legs_syndrome,Asthma : Acid-related disease,GSK
1,Asthma,Asthma,1,1,0,2571.95,0.999,GSK101468_204,Restless_legs_syndrome,Asthma : Asthma,GSK
1,Pain,Pain,1,1,0,NA,NA,GSK101468_205,Restless_legs_syndrome,Pain : Pain,GSK
0.07,Pain,Cardiovascular,-0.141,0.281,0.105,2119.28,1,GSK101468_205,Restless_legs_syndrome,Pain : Cardiovascular,GSK
0.23,Pain,Arthritis,0.033,0.411,0.098,2103.17,1.003,GSK101468_205,Restless_legs_syndrome,Pain : Arthritis,GSK
0.09,Pain,Anxiety,-0.128,0.295,0.107,2209.92,1.003,GSK101468_205,Restless_legs_syndrome,Pain : Anxiety,GSK
0.11,Pain,Acid-related disease,-0.109,0.323,0.111,1925.72,1,GSK101468_205,Restless_legs_syndrome,Pain : Acid-related disease,GSK
0.06,Pain,Asthma,-0.208,0.322,0.139,2577.83,1,GSK101468_205,Restless_legs_syndrome,Pain : Asthma,GSK
1,Cardiovascular,Cardiovascular,1,1,0,2818.55,0.999,GSK101468_205,Restless_legs_syndrome,Cardiovascular : Cardiovascular,GSK
0.21,Cardiovascular,Arthritis,0.029,0.378,0.091,3029.28,0.999,GSK101468_205,Restless_legs_syndrome,Cardiovascular : Arthritis,GSK
0.04,Cardiovascular,Anxiety,-0.148,0.246,0.101,2361.43,1,GSK101468_205,Restless_legs_syndrome,Cardiovascular : Anxiety,GSK
0.2,Cardiovascular,Acid-related disease,-0.009,0.403,0.105,2842.11,1,GSK101468_205,Restless_legs_syndrome,Cardiovascular : Acid-related disease,GSK
0.14,Cardiovascular,Asthma,-0.103,0.384,0.125,3253.12,1,GSK101468_205,Restless_legs_syndrome,Cardiovascular : Asthma,GSK
1,Arthritis,Arthritis,1,1,0,3084.01,0.999,GSK101468_205,Restless_legs_syndrome,Arthritis : Arthritis,GSK
0.16,Arthritis,Anxiety,-0.032,0.345,0.095,2490.95,1,GSK101468_205,Restless_legs_syndrome,Arthritis : Anxiety,GSK
-0.34,Arthritis,Acid-related disease,-0.543,-0.124,0.106,2077.4,1.001,GSK101468_205,Restless_legs_syndrome,Arthritis : Acid-related disease,GSK
0.05,Asthma,Arthritis,-0.204,0.292,0.128,2662.9,1,GSK101468_205,Restless_legs_syndrome,Asthma : Arthritis,GSK
1,Anxiety,Anxiety,1,1,0,2806.94,0.999,GSK101468_205,Restless_legs_syndrome,Anxiety : Anxiety,GSK
0.01,Anxiety,Acid-related disease,-0.205,0.222,0.11,2537.58,1,GSK101468_205,Restless_legs_syndrome,Anxiety : Acid-related disease,GSK
-0.15,Asthma,Anxiety,-0.424,0.124,0.142,2124.49,1,GSK101468_205,Restless_legs_syndrome,Asthma : Anxiety,GSK
1,Acid-related disease,Acid-related disease,1,1,0,2213.48,0.999,GSK101468_205,Restless_legs_syndrome,Acid-related disease : Acid-related disease,GSK
0.24,Asthma,Acid-related disease,-0.022,0.484,0.13,2343.4,1,GSK101468_205,Restless_legs_syndrome,Asthma : Acid-related disease,GSK
1,Asthma,Asthma,1,1,0,3086.84,0.999,GSK101468_205,Restless_legs_syndrome,Asthma : Asthma,GSK
1,Pain,Pain,1,1,0,NA,NA,GSK101468_249,Restless_legs_syndrome,Pain : Pain,GSK
-0.2,Pain,Cardiovascular,-0.416,0.023,0.111,1610.98,1.001,GSK101468_249,Restless_legs_syndrome,Pain : Cardiovascular,GSK
0.2,Pain,Arthritis,0.004,0.39,0.096,1767.01,1.001,GSK101468_249,Restless_legs_syndrome,Pain : Arthritis,GSK
0.07,Pain,Anxiety,-0.171,0.298,0.122,1640.41,1.003,GSK101468_249,Restless_legs_syndrome,Pain : Anxiety,GSK
0.05,Pain,Acid-related disease,-0.191,0.287,0.122,1233.8,1.001,GSK101468_249,Restless_legs_syndrome,Pain : Acid-related disease,GSK
0.1,Pain,Asthma,-0.165,0.367,0.139,1855.13,1.001,GSK101468_249,Restless_legs_syndrome,Pain : Asthma,GSK
1,Cardiovascular,Cardiovascular,1,1,0,2853.48,0.999,GSK101468_249,Restless_legs_syndrome,Cardiovascular : Cardiovascular,GSK
0.15,Cardiovascular,Arthritis,-0.02,0.336,0.092,2264.91,1,GSK101468_249,Restless_legs_syndrome,Cardiovascular : Arthritis,GSK
0.03,Cardiovascular,Anxiety,-0.189,0.253,0.113,1960.37,1,GSK101468_249,Restless_legs_syndrome,Cardiovascular : Anxiety,GSK
-0.02,Cardiovascular,Acid-related disease,-0.251,0.212,0.122,1094.33,1.003,GSK101468_249,Restless_legs_syndrome,Cardiovascular : Acid-related disease,GSK
-0.1,Cardiovascular,Asthma,-0.348,0.177,0.135,2022.31,1,GSK101468_249,Restless_legs_syndrome,Cardiovascular : Asthma,GSK
1,Arthritis,Arthritis,1,1,0,2879.93,0.999,GSK101468_249,Restless_legs_syndrome,Arthritis : Arthritis,GSK
-0.08,Arthritis,Anxiety,-0.293,0.131,0.107,889.23,1.001,GSK101468_249,Restless_legs_syndrome,Arthritis : Anxiety,GSK
-0.73,Arthritis,Acid-related disease,-0.923,-0.451,0.127,356.89,1.01,GSK101468_249,Restless_legs_syndrome,Arthritis : Acid-related disease,GSK
-0.24,Asthma,Arthritis,-0.481,0.029,0.131,920.72,1.003,GSK101468_249,Restless_legs_syndrome,Asthma : Arthritis,GSK
1,Anxiety,Anxiety,1,1,0,2720.41,0.999,GSK101468_249,Restless_legs_syndrome,Anxiety : Anxiety,GSK
0.04,Anxiety,Acid-related disease,-0.212,0.3,0.129,1290.57,1.001,GSK101468_249,Restless_legs_syndrome,Anxiety : Acid-related disease,GSK
0.1,Asthma,Anxiety,-0.181,0.374,0.144,1833.98,1,GSK101468_249,Restless_legs_syndrome,Asthma : Anxiety,GSK
1,Acid-related disease,Acid-related disease,1,1,0,2494.08,0.999,GSK101468_249,Restless_legs_syndrome,Acid-related disease : Acid-related disease,GSK
0.24,Asthma,Acid-related disease,-0.036,0.492,0.135,1048.28,1.001,GSK101468_249,Restless_legs_syndrome,Asthma : Acid-related disease,GSK
1,Asthma,Asthma,1,1,0,2551.18,0.999,GSK101468_249,Restless_legs_syndrome,Asthma : Asthma,GSK
1,Cardiovascular,Cardiovascular,1,1,0,NA,NA,GSK200109,Pulmonary_Disease_Chronic_Obstructive,Cardiovascular : Cardiovascular,GSK
-0.01,Pain,Cardiovascular,-0.164,0.123,0.073,3242.53,1,GSK200109,Pulmonary_Disease_Chronic_Obstructive,Pain : Cardiovascular,GSK
0.09,Cardiovascular,Acid-related disease,-0.061,0.249,0.079,3155.83,1,GSK200109,Pulmonary_Disease_Chronic_Obstructive,Cardiovascular : Acid-related disease,GSK
-0.02,Cardiovascular,Arthritis,-0.171,0.127,0.076,1918.12,1.002,GSK200109,Pulmonary_Disease_Chronic_Obstructive,Cardiovascular : Arthritis,GSK
0.1,Cardiovascular,Anxiety,-0.045,0.231,0.072,2516.11,0.999,GSK200109,Pulmonary_Disease_Chronic_Obstructive,Cardiovascular : Anxiety,GSK
0.39,Diabetes,Cardiovascular,0.244,0.535,0.075,2909.8,1,GSK200109,Pulmonary_Disease_Chronic_Obstructive,Diabetes : Cardiovascular,GSK
1,Pain,Pain,1,1,0,2672.29,0.999,GSK200109,Pulmonary_Disease_Chronic_Obstructive,Pain : Pain,GSK
0.11,Pain,Acid-related disease,-0.067,0.28,0.088,2483.9,1,GSK200109,Pulmonary_Disease_Chronic_Obstructive,Pain : Acid-related disease,GSK
0.38,Pain,Arthritis,0.233,0.517,0.073,1768.52,1,GSK200109,Pulmonary_Disease_Chronic_Obstructive,Pain : Arthritis,GSK
0.32,Pain,Anxiety,0.182,0.467,0.072,2135.1,1,GSK200109,Pulmonary_Disease_Chronic_Obstructive,Pain : Anxiety,GSK
0.02,Pain,Diabetes,-0.155,0.184,0.088,2479.77,1,GSK200109,Pulmonary_Disease_Chronic_Obstructive,Pain : Diabetes,GSK
1,Acid-related disease,Acid-related disease,1,1,0,2998.32,0.999,GSK200109,Pulmonary_Disease_Chronic_Obstructive,Acid-related disease : Acid-related disease,GSK
-0.65,Arthritis,Acid-related disease,-0.816,-0.433,0.101,223.76,1.013,GSK200109,Pulmonary_Disease_Chronic_Obstructive,Arthritis : Acid-related disease,GSK
0.28,Anxiety,Acid-related disease,0.111,0.437,0.083,1196.36,1,GSK200109,Pulmonary_Disease_Chronic_Obstructive,Anxiety : Acid-related disease,GSK
0.2,Diabetes,Acid-related disease,0.013,0.37,0.092,644.84,1.003,GSK200109,Pulmonary_Disease_Chronic_Obstructive,Diabetes : Acid-related disease,GSK
1,Arthritis,Arthritis,1,1,0,88.32,0.999,GSK200109,Pulmonary_Disease_Chronic_Obstructive,Arthritis : Arthritis,GSK
0.29,Arthritis,Anxiety,0.149,0.439,0.075,1762.47,1.001,GSK200109,Pulmonary_Disease_Chronic_Obstructive,Arthritis : Anxiety,GSK
-0.14,Diabetes,Arthritis,-0.325,0.062,0.099,551.39,1.002,GSK200109,Pulmonary_Disease_Chronic_Obstructive,Diabetes : Arthritis,GSK
1,Anxiety,Anxiety,1,1,0,2232.86,0.999,GSK200109,Pulmonary_Disease_Chronic_Obstructive,Anxiety : Anxiety,GSK
0.05,Diabetes,Anxiety,-0.126,0.216,0.088,2442.72,0.999,GSK200109,Pulmonary_Disease_Chronic_Obstructive,Diabetes : Anxiety,GSK
1,Diabetes,Diabetes,1,1,0,2020.55,0.999,GSK200109,Pulmonary_Disease_Chronic_Obstructive,Diabetes : Diabetes,GSK
1,Cardiovascular,Cardiovascular,1,1,0,NA,NA,GSK200110,Pulmonary_Disease_Chronic_Obstructive,Cardiovascular : Cardiovascular,GSK
0.19,Pain,Cardiovascular,0.039,0.339,0.077,3637.67,1,GSK200110,Pulmonary_Disease_Chronic_Obstructive,Pain : Cardiovascular,GSK
0.1,Cardiovascular,Acid-related disease,-0.053,0.245,0.079,2876.75,1,GSK200110,Pulmonary_Disease_Chronic_Obstructive,Cardiovascular : Acid-related disease,GSK
0.02,Cardiovascular,Arthritis,-0.13,0.157,0.074,1983.21,1,GSK200110,Pulmonary_Disease_Chronic_Obstructive,Cardiovascular : Arthritis,GSK
0.05,Cardiovascular,Anxiety,-0.111,0.194,0.077,2892.27,1,GSK200110,Pulmonary_Disease_Chronic_Obstructive,Cardiovascular : Anxiety,GSK
0.49,Diabetes,Cardiovascular,0.357,0.618,0.067,2479.88,1,GSK200110,Pulmonary_Disease_Chronic_Obstructive,Diabetes : Cardiovascular,GSK
1,Pain,Pain,1,1,0,2829.69,0.999,GSK200110,Pulmonary_Disease_Chronic_Obstructive,Pain : Pain,GSK
0.14,Pain,Acid-related disease,-0.049,0.324,0.095,2011.27,1.002,GSK200110,Pulmonary_Disease_Chronic_Obstructive,Pain : Acid-related disease,GSK
0.21,Pain,Arthritis,0.037,0.372,0.086,1360.19,1.001,GSK200110,Pulmonary_Disease_Chronic_Obstructive,Pain : Arthritis,GSK
0.31,Pain,Anxiety,0.144,0.461,0.081,2087.32,1,GSK200110,Pulmonary_Disease_Chronic_Obstructive,Pain : Anxiety,GSK
0.02,Pain,Diabetes,-0.165,0.195,0.091,1438.16,1.001,GSK200110,Pulmonary_Disease_Chronic_Obstructive,Pain : Diabetes,GSK
1,Acid-related disease,Acid-related disease,1,1,0,2878.25,0.999,GSK200110,Pulmonary_Disease_Chronic_Obstructive,Acid-related disease : Acid-related disease,GSK
-0.74,Arthritis,Acid-related disease,-0.92,-0.46,0.123,159.66,1.011,GSK200110,Pulmonary_Disease_Chronic_Obstructive,Arthritis : Acid-related disease,GSK
0.19,Anxiety,Acid-related disease,0.013,0.35,0.085,1046.22,1,GSK200110,Pulmonary_Disease_Chronic_Obstructive,Anxiety : Acid-related disease,GSK
0.06,Diabetes,Acid-related disease,-0.122,0.236,0.093,737.67,1.001,GSK200110,Pulmonary_Disease_Chronic_Obstructive,Diabetes : Acid-related disease,GSK
1,Arthritis,Arthritis,1,1,0,264.82,0.999,GSK200110,Pulmonary_Disease_Chronic_Obstructive,Arthritis : Arthritis,GSK
0.03,Arthritis,Anxiety,-0.135,0.205,0.088,1088.48,1,GSK200110,Pulmonary_Disease_Chronic_Obstructive,Arthritis : Anxiety,GSK
0,Diabetes,Arthritis,-0.175,0.178,0.091,779.39,1.001,GSK200110,Pulmonary_Disease_Chronic_Obstructive,Diabetes : Arthritis,GSK
1,Anxiety,Anxiety,1,1,0,2963.08,0.999,GSK200110,Pulmonary_Disease_Chronic_Obstructive,Anxiety : Anxiety,GSK
0.05,Diabetes,Anxiety,-0.127,0.223,0.089,2297.58,1,GSK200110,Pulmonary_Disease_Chronic_Obstructive,Diabetes : Anxiety,GSK
1,Diabetes,Diabetes,1,1,0,1175.64,0.999,GSK200110,Pulmonary_Disease_Chronic_Obstructive,Diabetes : Diabetes,GSK
1,Cardiovascular,Cardiovascular,1,1,0,NA,NA,GSK201315,Pulmonary_Disease_Chronic_Obstructive,Cardiovascular : Cardiovascular,GSK
0.06,Pain,Cardiovascular,-0.075,0.206,0.072,1859.96,1,GSK201315,Pulmonary_Disease_Chronic_Obstructive,Pain : Cardiovascular,GSK
0.16,Cardiovascular,Acid-related disease,0.02,0.291,0.069,2063.06,1.001,GSK201315,Pulmonary_Disease_Chronic_Obstructive,Cardiovascular : Acid-related disease,GSK
-0.18,Cardiovascular,Arthritis,-0.31,-0.038,0.069,1741.53,1,GSK201315,Pulmonary_Disease_Chronic_Obstructive,Cardiovascular : Arthritis,GSK
0.29,Cardiovascular,Anxiety,0.143,0.421,0.07,1816.42,1,GSK201315,Pulmonary_Disease_Chronic_Obstructive,Cardiovascular : Anxiety,GSK
0.47,Diabetes,Cardiovascular,0.348,0.576,0.059,1475.56,1,GSK201315,Pulmonary_Disease_Chronic_Obstructive,Diabetes : Cardiovascular,GSK
1,Pain,Pain,1,1,0,2729.5,0.999,GSK201315,Pulmonary_Disease_Chronic_Obstructive,Pain : Pain,GSK
0.08,Pain,Acid-related disease,-0.098,0.254,0.091,789.63,1.005,GSK201315,Pulmonary_Disease_Chronic_Obstructive,Pain : Acid-related disease,GSK
0.61,Pain,Arthritis,0.479,0.72,0.062,1389.4,1,GSK201315,Pulmonary_Disease_Chronic_Obstructive,Pain : Arthritis,GSK
0.32,Pain,Anxiety,0.16,0.463,0.077,1197.12,1.008,GSK201315,Pulmonary_Disease_Chronic_Obstructive,Pain : Anxiety,GSK
-0.11,Pain,Diabetes,-0.281,0.066,0.088,1004.4,1.002,GSK201315,Pulmonary_Disease_Chronic_Obstructive,Pain : Diabetes,GSK
1,Acid-related disease,Acid-related disease,1,1,0,3094.83,0.999,GSK201315,Pulmonary_Disease_Chronic_Obstructive,Acid-related disease : Acid-related disease,GSK
-0.53,Arthritis,Acid-related disease,-0.737,-0.272,0.119,202.72,1.01,GSK201315,Pulmonary_Disease_Chronic_Obstructive,Arthritis : Acid-related disease,GSK
0.26,Anxiety,Acid-related disease,0.106,0.407,0.076,1236.23,1.001,GSK201315,Pulmonary_Disease_Chronic_Obstructive,Anxiety : Acid-related disease,GSK
0.03,Diabetes,Acid-related disease,-0.131,0.196,0.085,679.63,1,GSK201315,Pulmonary_Disease_Chronic_Obstructive,Diabetes : Acid-related disease,GSK
1,Arthritis,Arthritis,1,1,0,156.54,0.999,GSK201315,Pulmonary_Disease_Chronic_Obstructive,Arthritis : Arthritis,GSK
0.16,Arthritis,Anxiety,-0.015,0.319,0.086,997.44,1.002,GSK201315,Pulmonary_Disease_Chronic_Obstructive,Arthritis : Anxiety,GSK
-0.18,Diabetes,Arthritis,-0.356,0.005,0.091,468.66,1.001,GSK201315,Pulmonary_Disease_Chronic_Obstructive,Diabetes : Arthritis,GSK
1,Anxiety,Anxiety,1,1,0,1497.7,0.999,GSK201315,Pulmonary_Disease_Chronic_Obstructive,Anxiety : Anxiety,GSK
-0.03,Diabetes,Anxiety,-0.197,0.142,0.086,1281.8,1.002,GSK201315,Pulmonary_Disease_Chronic_Obstructive,Diabetes : Anxiety,GSK
1,Diabetes,Diabetes,1,1,0,1811.2,0.999,GSK201315,Pulmonary_Disease_Chronic_Obstructive,Diabetes : Diabetes,GSK
1,Cardiovascular,Cardiovascular,1,1,0,NA,NA,GSKAC4116135,Pulmonary_Disease_Chronic_Obstructive,Cardiovascular : Cardiovascular,GSK
0.08,Pain,Cardiovascular,-0.057,0.213,0.07,3703.9,1,GSKAC4116135,Pulmonary_Disease_Chronic_Obstructive,Pain : Cardiovascular,GSK
0.33,Cardiovascular,Acid-related disease,0.175,0.472,0.076,2995.06,1,GSKAC4116135,Pulmonary_Disease_Chronic_Obstructive,Cardiovascular : Acid-related disease,GSK
0.05,Cardiovascular,Arthritis,-0.102,0.199,0.077,3051.41,1,GSKAC4116135,Pulmonary_Disease_Chronic_Obstructive,Cardiovascular : Arthritis,GSK
0.13,Cardiovascular,Anxiety,-0.017,0.277,0.075,3546.3,0.999,GSKAC4116135,Pulmonary_Disease_Chronic_Obstructive,Cardiovascular : Anxiety,GSK
0.41,Diabetes,Cardiovascular,0.262,0.543,0.071,3387.01,1,GSKAC4116135,Pulmonary_Disease_Chronic_Obstructive,Diabetes : Cardiovascular,GSK
1,Pain,Pain,1,1,0,3056.2,0.999,GSKAC4116135,Pulmonary_Disease_Chronic_Obstructive,Pain : Pain,GSK
0.12,Pain,Acid-related disease,-0.046,0.279,0.085,2823.39,0.999,GSKAC4116135,Pulmonary_Disease_Chronic_Obstructive,Pain : Acid-related disease,GSK
0.3,Pain,Arthritis,0.138,0.442,0.076,2688.54,1,GSKAC4116135,Pulmonary_Disease_Chronic_Obstructive,Pain : Arthritis,GSK
0.35,Pain,Anxiety,0.193,0.492,0.075,2753.75,1,GSKAC4116135,Pulmonary_Disease_Chronic_Obstructive,Pain : Anxiety,GSK
-0.11,Pain,Diabetes,-0.28,0.066,0.089,2866.15,1.001,GSKAC4116135,Pulmonary_Disease_Chronic_Obstructive,Pain : Diabetes,GSK
1,Acid-related disease,Acid-related disease,1,1,0,2666.78,0.999,GSKAC4116135,Pulmonary_Disease_Chronic_Obstructive,Acid-related disease : Acid-related disease,GSK
-0.5,Arthritis,Acid-related disease,-0.689,-0.293,0.101,755.57,1.002,GSKAC4116135,Pulmonary_Disease_Chronic_Obstructive,Arthritis : Acid-related disease,GSK
0.37,Anxiety,Acid-related disease,0.212,0.51,0.076,2222.03,1,GSKAC4116135,Pulmonary_Disease_Chronic_Obstructive,Anxiety : Acid-related disease,GSK
0.03,Diabetes,Acid-related disease,-0.151,0.214,0.093,1923.68,1.001,GSKAC4116135,Pulmonary_Disease_Chronic_Obstructive,Diabetes : Acid-related disease,GSK
1,Arthritis,Arthritis,1,1,0,1625.56,0.999,GSKAC4116135,Pulmonary_Disease_Chronic_Obstructive,Arthritis : Arthritis,GSK
0.02,Arthritis,Anxiety,-0.148,0.196,0.09,2044.7,1,GSKAC4116135,Pulmonary_Disease_Chronic_Obstructive,Arthritis : Anxiety,GSK
0.13,Diabetes,Arthritis,-0.045,0.307,0.089,2430.01,1.001,GSKAC4116135,Pulmonary_Disease_Chronic_Obstructive,Diabetes : Arthritis,GSK
1,Anxiety,Anxiety,1,1,0,2216.1,0.999,GSKAC4116135,Pulmonary_Disease_Chronic_Obstructive,Anxiety : Anxiety,GSK
0.05,Diabetes,Anxiety,-0.131,0.23,0.092,2653.43,1,GSKAC4116135,Pulmonary_Disease_Chronic_Obstructive,Diabetes : Anxiety,GSK
1,Diabetes,Diabetes,1,1,0,1724.61,0.999,GSKAC4116135,Pulmonary_Disease_Chronic_Obstructive,Diabetes : Diabetes,GSK
1,Pain,Pain,1,1,0,NA,NA,GSKAVA102670_v02,Dementia_any,Pain : Pain,GSK
-0.01,Pain,Cardiovascular,-0.706,0.704,0.376,5511.3,0.999,GSKAVA102670_v02,Dementia_any,Pain : Cardiovascular,GSK
0,Pain,Anxiety,-0.693,0.693,0.377,4468.82,1.001,GSKAVA102670_v02,Dementia_any,Pain : Anxiety,GSK
0,Pain,Acid-related disease,-0.734,0.719,0.388,1552.54,1,GSKAVA102670_v02,Dementia_any,Pain : Acid-related disease,GSK
-0,Pain,Arthritis,-0.702,0.702,0.372,5160.06,0.999,GSKAVA102670_v02,Dementia_any,Pain : Arthritis,GSK
0.01,Pain,Osteoporosis,-0.724,0.726,0.386,1379.07,1,GSKAVA102670_v02,Dementia_any,Pain : Osteoporosis,GSK
1,Cardiovascular,Cardiovascular,1,1,0,2375.09,0.999,GSKAVA102670_v02,Dementia_any,Cardiovascular : Cardiovascular,GSK
0.01,Cardiovascular,Anxiety,-0.69,0.695,0.37,3545.03,1.001,GSKAVA102670_v02,Dementia_any,Cardiovascular : Anxiety,GSK
0.02,Cardiovascular,Acid-related disease,-0.718,0.722,0.383,1766.58,1.001,GSKAVA102670_v02,Dementia_any,Cardiovascular : Acid-related disease,GSK
-0.02,Cardiovascular,Arthritis,-0.72,0.668,0.377,2947.24,1,GSKAVA102670_v02,Dementia_any,Cardiovascular : Arthritis,GSK
0.02,Osteoporosis,Cardiovascular,-0.694,0.737,0.379,1547.1,1,GSKAVA102670_v02,Dementia_any,Osteoporosis : Cardiovascular,GSK
1,Anxiety,Anxiety,1,1,0,2873.36,0.999,GSKAVA102670_v02,Dementia_any,Anxiety : Anxiety,GSK
0,Anxiety,Acid-related disease,-0.722,0.706,0.378,1790.45,1.001,GSKAVA102670_v02,Dementia_any,Anxiety : Acid-related disease,GSK
0,Arthritis,Anxiety,-0.719,0.704,0.375,2899.5,0.999,GSKAVA102670_v02,Dementia_any,Arthritis : Anxiety,GSK
-0,Osteoporosis,Anxiety,-0.706,0.696,0.38,1743.16,1.002,GSKAVA102670_v02,Dementia_any,Osteoporosis : Anxiety,GSK
1,Acid-related disease,Acid-related disease,1,1,0,2042.29,0.999,GSKAVA102670_v02,Dementia_any,Acid-related disease : Acid-related disease,GSK
0,Arthritis,Acid-related disease,-0.697,0.7,0.377,3138.87,0.999,GSKAVA102670_v02,Dementia_any,Arthritis : Acid-related disease,GSK
0.65,Osteoporosis,Acid-related disease,0.234,0.921,0.182,2364.33,1,GSKAVA102670_v02,Dementia_any,Osteoporosis : Acid-related disease,GSK
1,Arthritis,Arthritis,1,1,0,2659.97,0.999,GSKAVA102670_v02,Dementia_any,Arthritis : Arthritis,GSK
0,Osteoporosis,Arthritis,-0.69,0.713,0.375,2671.78,1.001,GSKAVA102670_v02,Dementia_any,Osteoporosis : Arthritis,GSK
1,Osteoporosis,Osteoporosis,1,1,0,184.21,0.999,GSKAVA102670_v02,Dementia_any,Osteoporosis : Osteoporosis,GSK
1,Pain,Pain,1,1,0,NA,NA,GSKAVA102672_v02,Dementia_any,Pain : Pain,GSK
-0,Pain,Cardiovascular,-0.691,0.704,0.375,3940.1,0.999,GSKAVA102672_v02,Dementia_any,Pain : Cardiovascular,GSK
0.01,Pain,Anxiety,-0.683,0.715,0.369,3641,0.999,GSKAVA102672_v02,Dementia_any,Pain : Anxiety,GSK
0.01,Pain,Acid-related disease,-0.71,0.719,0.381,4202.63,0.999,GSKAVA102672_v02,Dementia_any,Pain : Acid-related disease,GSK
0,Pain,Arthritis,-0.712,0.71,0.379,3741.46,1,GSKAVA102672_v02,Dementia_any,Pain : Arthritis,GSK
-0.01,Pain,Osteoporosis,-0.736,0.707,0.382,4498.44,1,GSKAVA102672_v02,Dementia_any,Pain : Osteoporosis,GSK
1,Cardiovascular,Cardiovascular,1,1,0,2635.48,0.999,GSKAVA102672_v02,Dementia_any,Cardiovascular : Cardiovascular,GSK
0,Cardiovascular,Anxiety,-0.711,0.72,0.384,3220.46,1,GSKAVA102672_v02,Dementia_any,Cardiovascular : Anxiety,GSK
0,Cardiovascular,Acid-related disease,-0.683,0.682,0.372,3247.58,1,GSKAVA102672_v02,Dementia_any,Cardiovascular : Acid-related disease,GSK
-0,Cardiovascular,Arthritis,-0.705,0.706,0.381,3264.63,0.999,GSKAVA102672_v02,Dementia_any,Cardiovascular : Arthritis,GSK
0.01,Osteoporosis,Cardiovascular,-0.694,0.731,0.378,3230.92,1,GSKAVA102672_v02,Dementia_any,Osteoporosis : Cardiovascular,GSK
1,Anxiety,Anxiety,1,1,0,2799.18,0.999,GSKAVA102672_v02,Dementia_any,Anxiety : Anxiety,GSK
0,Anxiety,Acid-related disease,-0.703,0.706,0.371,2268.15,1.001,GSKAVA102672_v02,Dementia_any,Anxiety : Acid-related disease,GSK
-0.01,Arthritis,Anxiety,-0.727,0.724,0.388,2660.48,1,GSKAVA102672_v02,Dementia_any,Arthritis : Anxiety,GSK
0,Osteoporosis,Anxiety,-0.72,0.73,0.39,2363.98,1.002,GSKAVA102672_v02,Dementia_any,Osteoporosis : Anxiety,GSK
1,Acid-related disease,Acid-related disease,1,1,0,2064.54,0.999,GSKAVA102672_v02,Dementia_any,Acid-related disease : Acid-related disease,GSK
0.01,Arthritis,Acid-related disease,-0.693,0.703,0.377,2059.66,0.999,GSKAVA102672_v02,Dementia_any,Arthritis : Acid-related disease,GSK
-0.01,Osteoporosis,Acid-related disease,-0.743,0.707,0.382,2230.6,1.002,GSKAVA102672_v02,Dementia_any,Osteoporosis : Acid-related disease,GSK
1,Arthritis,Arthritis,1,1,0,2032.43,0.999,GSKAVA102672_v02,Dementia_any,Arthritis : Arthritis,GSK
-0,Osteoporosis,Arthritis,-0.699,0.725,0.376,1600.76,1,GSKAVA102672_v02,Dementia_any,Osteoporosis : Arthritis,GSK
1,Osteoporosis,Osteoporosis,1,1,0,458.77,0.999,GSKAVA102672_v02,Dementia_any,Osteoporosis : Osteoporosis,GSK
1,Pain,Pain,1,1,0,NA,NA,GSKAVA105640_v02,Dementia_any,Pain : Pain,GSK
0.55,Pain,Cardiovascular,0.425,0.671,0.063,1236.19,1.001,GSKAVA105640_v02,Dementia_any,Pain : Cardiovascular,GSK
0.43,Pain,Anxiety,0.266,0.577,0.08,1647.55,1.001,GSKAVA105640_v02,Dementia_any,Pain : Anxiety,GSK
0.1,Pain,Acid-related disease,-0.166,0.37,0.136,2094.06,1,GSKAVA105640_v02,Dementia_any,Pain : Acid-related disease,GSK
0.98,Pain,Arthritis,0.951,0.991,0.01,2189.03,0.999,GSKAVA105640_v02,Dementia_any,Pain : Arthritis,GSK
0.22,Pain,Osteoporosis,-0.076,0.502,0.151,1653.14,1,GSKAVA105640_v02,Dementia_any,Pain : Osteoporosis,GSK
1,Cardiovascular,Cardiovascular,1,1,0,1906.13,0.999,GSKAVA105640_v02,Dementia_any,Cardiovascular : Cardiovascular,GSK
0.43,Cardiovascular,Anxiety,0.277,0.565,0.074,2227.09,1,GSKAVA105640_v02,Dementia_any,Cardiovascular : Anxiety,GSK
0.22,Cardiovascular,Acid-related disease,-0.043,0.472,0.132,2140.79,1.002,GSKAVA105640_v02,Dementia_any,Cardiovascular : Acid-related disease,GSK
0.52,Cardiovascular,Arthritis,0.391,0.639,0.064,2044.89,1.001,GSKAVA105640_v02,Dementia_any,Cardiovascular : Arthritis,GSK
0.32,Osteoporosis,Cardiovascular,0.021,0.58,0.142,1995.9,1,GSKAVA105640_v02,Dementia_any,Osteoporosis : Cardiovascular,GSK
1,Anxiety,Anxiety,1,1,0,2667.46,0.999,GSKAVA105640_v02,Dementia_any,Anxiety : Anxiety,GSK
0.15,Anxiety,Acid-related disease,-0.147,0.421,0.143,1721.64,1.001,GSKAVA105640_v02,Dementia_any,Anxiety : Acid-related disease,GSK
0.48,Arthritis,Anxiety,0.33,0.621,0.075,2258.91,1.001,GSKAVA105640_v02,Dementia_any,Arthritis : Anxiety,GSK
0.3,Osteoporosis,Anxiety,-0.012,0.58,0.153,1937.44,1.001,GSKAVA105640_v02,Dementia_any,Osteoporosis : Anxiety,GSK
1,Acid-related disease,Acid-related disease,1,1,0,2802.54,0.999,GSKAVA105640_v02,Dementia_any,Acid-related disease : Acid-related disease,GSK
-0.01,Arthritis,Acid-related disease,-0.275,0.267,0.137,2087.81,1,GSKAVA105640_v02,Dementia_any,Arthritis : Acid-related disease,GSK
0.53,Osteoporosis,Acid-related disease,0.218,0.782,0.145,1657.81,1,GSKAVA105640_v02,Dementia_any,Osteoporosis : Acid-related disease,GSK
1,Arthritis,Arthritis,1,1,0,2086.42,0.999,GSKAVA105640_v02,Dementia_any,Arthritis : Arthritis,GSK
0.21,Osteoporosis,Arthritis,-0.089,0.496,0.151,1704.88,1,GSKAVA105640_v02,Dementia_any,Osteoporosis : Arthritis,GSK
1,Osteoporosis,Osteoporosis,1,1,0,509.14,0.999,GSKAVA105640_v02,Dementia_any,Osteoporosis : Osteoporosis,GSK
1,Pain,Pain,1,1,0,NA,NA,GSKB2C112060,Asthma,Pain : Pain,GSK
0.13,Pain,Cardiovascular,-0.129,0.377,0.13,1477.68,0.999,GSKB2C112060,Asthma,Pain : Cardiovascular,GSK
0.92,Pain,Arthritis,0.834,0.967,0.034,2181.38,1.002,GSKB2C112060,Asthma,Pain : Arthritis,GSK
0.24,Pain,Anxiety,-0.118,0.551,0.17,1735.53,1,GSKB2C112060,Asthma,Pain : Anxiety,GSK
-0.04,Pain,Acid-related disease,-0.375,0.323,0.181,1194.06,1.001,GSKB2C112060,Asthma,Pain : Acid-related disease,GSK
0.24,Pain,Inflammatory disorders,-0.152,0.583,0.189,2268.6,1.001,GSKB2C112060,Asthma,Pain : Inflammatory disorders,GSK
1,Cardiovascular,Cardiovascular,1,1,0,2828.26,0.999,GSKB2C112060,Asthma,Cardiovascular : Cardiovascular,GSK
0.1,Cardiovascular,Arthritis,-0.161,0.341,0.13,2011.83,0.999,GSKB2C112060,Asthma,Cardiovascular : Arthritis,GSK
-0.03,Cardiovascular,Anxiety,-0.385,0.33,0.182,1773.93,1,GSKB2C112060,Asthma,Cardiovascular : Anxiety,GSK
0.4,Cardiovascular,Acid-related disease,0.103,0.654,0.143,1742.32,1,GSKB2C112060,Asthma,Cardiovascular : Acid-related disease,GSK
-0.22,Inflammatory disorders,Cardiovascular,-0.725,0.319,0.268,1366.42,1,GSKB2C112060,Asthma,Inflammatory disorders : Cardiovascular,GSK
1,Arthritis,Arthritis,1,1,0,NA,NA,GSKB2C112060,Asthma,Arthritis : Arthritis,GSK
0.14,Arthritis,Anxiety,-0.209,0.475,0.18,1519.24,1,GSKB2C112060,Asthma,Arthritis : Anxiety,GSK
-0.21,Arthritis,Acid-related disease,-0.558,0.18,0.188,996.5,1.003,GSKB2C112060,Asthma,Arthritis : Acid-related disease,GSK
0.39,Inflammatory disorders,Arthritis,0.02,0.719,0.181,2475.4,1,GSKB2C112060,Asthma,Inflammatory disorders : Arthritis,GSK
1,Anxiety,Anxiety,1,1,0,2194.77,0.999,GSKB2C112060,Asthma,Anxiety : Anxiety,GSK
0.08,Anxiety,Acid-related disease,-0.372,0.503,0.226,1244.9,0.999,GSKB2C112060,Asthma,Anxiety : Acid-related disease,GSK
-0.11,Inflammatory disorders,Anxiety,-0.687,0.475,0.304,1121.27,1,GSKB2C112060,Asthma,Inflammatory disorders : Anxiety,GSK
1,Acid-related disease,Acid-related disease,1,1,0,2559.3,0.999,GSKB2C112060,Asthma,Acid-related disease : Acid-related disease,GSK
-0.33,Inflammatory disorders,Acid-related disease,-0.841,0.334,0.314,983.99,1.002,GSKB2C112060,Asthma,Inflammatory disorders : Acid-related disease,GSK
1,Inflammatory disorders,Inflammatory disorders,1,1,0,512.34,0.999,GSKB2C112060,Asthma,Inflammatory disorders : Inflammatory disorders,GSK
1,Pain,Pain,1,1,0,NA,NA,GSKCOR103561,Hypertension,Pain : Pain,GSK
0.3,Pain,Arthritis,0.151,0.455,0.078,2061.72,1,GSKCOR103561,Hypertension,Pain : Arthritis,GSK
0,Pain,Acid-related disease,-0.185,0.197,0.098,1059.18,1.003,GSKCOR103561,Hypertension,Pain : Acid-related disease,GSK
0.26,Pain,Anxiety,0.09,0.426,0.085,2297.48,1,GSKCOR103561,Hypertension,Pain : Anxiety,GSK
0.05,Pain,Asthma,-0.291,0.376,0.171,1939.45,1.001,GSKCOR103561,Hypertension,Pain : Asthma,GSK
0.34,Pain,Diabetes,-0.002,0.649,0.171,2073.57,0.999,GSKCOR103561,Hypertension,Pain : Diabetes,GSK
1,Arthritis,Arthritis,1,1,0,3107.45,0.999,GSKCOR103561,Hypertension,Arthritis : Arthritis,GSK
-0.69,Arthritis,Acid-related disease,-0.882,-0.445,0.113,359.26,1.001,GSKCOR103561,Hypertension,Arthritis : Acid-related disease,GSK
0.09,Arthritis,Anxiety,-0.076,0.263,0.086,1544.81,1.001,GSKCOR103561,Hypertension,Arthritis : Anxiety,GSK
-0.16,Asthma,Arthritis,-0.507,0.179,0.179,1001.76,1.001,GSKCOR103561,Hypertension,Asthma : Arthritis,GSK
0.44,Diabetes,Arthritis,0.09,0.732,0.165,1898.43,1,GSKCOR103561,Hypertension,Diabetes : Arthritis,GSK
1,Acid-related disease,Acid-related disease,1,1,0,2974.87,0.999,GSKCOR103561,Hypertension,Acid-related disease : Acid-related disease,GSK
0.1,Anxiety,Acid-related disease,-0.107,0.3,0.103,1000.9,1.002,GSKCOR103561,Hypertension,Anxiety : Acid-related disease,GSK
0.16,Asthma,Acid-related disease,-0.166,0.483,0.167,1544.22,1.002,GSKCOR103561,Hypertension,Asthma : Acid-related disease,GSK
0.01,Diabetes,Acid-related disease,-0.41,0.42,0.215,1076.43,1.002,GSKCOR103561,Hypertension,Diabetes : Acid-related disease,GSK
1,Anxiety,Anxiety,1,1,0,3095.11,0.999,GSKCOR103561,Hypertension,Anxiety : Anxiety,GSK
0.07,Asthma,Anxiety,-0.268,0.417,0.176,1761.3,1.002,GSKCOR103561,Hypertension,Asthma : Anxiety,GSK
0.38,Diabetes,Anxiety,0.032,0.687,0.167,2447.02,0.999,GSKCOR103561,Hypertension,Diabetes : Anxiety,GSK
1,Asthma,Asthma,1,1,0,2783.04,0.999,GSKCOR103561,Hypertension,Asthma : Asthma,GSK
-0.12,Diabetes,Asthma,-0.713,0.511,0.32,909.02,1.006,GSKCOR103561,Hypertension,Diabetes : Asthma,GSK
1,Diabetes,Diabetes,1,1,0,1021.23,0.999,GSKCOR103561,Hypertension,Diabetes : Diabetes,GSK
1,Cardiovascular,Cardiovascular,1,1,0,NA,NA,GSKDB2113360_v02,Pulmonary_Disease_Chronic_Obstructive,Cardiovascular : Cardiovascular,GSK
0.23,Pain,Cardiovascular,0.094,0.374,0.072,3540.57,0.999,GSKDB2113360_v02,Pulmonary_Disease_Chronic_Obstructive,Pain : Cardiovascular,GSK
0.34,Cardiovascular,Acid-related disease,0.199,0.475,0.071,3186.63,0.999,GSKDB2113360_v02,Pulmonary_Disease_Chronic_Obstructive,Cardiovascular : Acid-related disease,GSK
0.21,Cardiovascular,Arthritis,0.068,0.35,0.072,1881.39,1,GSKDB2113360_v02,Pulmonary_Disease_Chronic_Obstructive,Cardiovascular : Arthritis,GSK
0.26,Cardiovascular,Anxiety,0.116,0.399,0.074,2886.17,0.999,GSKDB2113360_v02,Pulmonary_Disease_Chronic_Obstructive,Cardiovascular : Anxiety,GSK
0.41,Diabetes,Cardiovascular,0.27,0.551,0.072,2622.17,1,GSKDB2113360_v02,Pulmonary_Disease_Chronic_Obstructive,Diabetes : Cardiovascular,GSK
1,Pain,Pain,1,1,0,2958.58,0.999,GSKDB2113360_v02,Pulmonary_Disease_Chronic_Obstructive,Pain : Pain,GSK
0.21,Pain,Acid-related disease,0.038,0.378,0.087,2137.83,1.001,GSKDB2113360_v02,Pulmonary_Disease_Chronic_Obstructive,Pain : Acid-related disease,GSK
0.6,Pain,Arthritis,0.481,0.709,0.058,1634.52,1.002,GSKDB2113360_v02,Pulmonary_Disease_Chronic_Obstructive,Pain : Arthritis,GSK
0.59,Pain,Anxiety,0.457,0.701,0.062,2958.39,1,GSKDB2113360_v02,Pulmonary_Disease_Chronic_Obstructive,Pain : Anxiety,GSK
-0.01,Pain,Diabetes,-0.213,0.191,0.103,1518.79,1.003,GSKDB2113360_v02,Pulmonary_Disease_Chronic_Obstructive,Pain : Diabetes,GSK
1,Acid-related disease,Acid-related disease,1,1,0,3058.66,0.999,GSKDB2113360_v02,Pulmonary_Disease_Chronic_Obstructive,Acid-related disease : Acid-related disease,GSK
-0.44,Arthritis,Acid-related disease,-0.626,-0.205,0.108,317.07,1.002,GSKDB2113360_v02,Pulmonary_Disease_Chronic_Obstructive,Arthritis : Acid-related disease,GSK
0.27,Anxiety,Acid-related disease,0.097,0.441,0.088,1222.15,1,GSKDB2113360_v02,Pulmonary_Disease_Chronic_Obstructive,Anxiety : Acid-related disease,GSK
0.29,Diabetes,Acid-related disease,0.119,0.459,0.088,1205.83,1.002,GSKDB2113360_v02,Pulmonary_Disease_Chronic_Obstructive,Diabetes : Acid-related disease,GSK
1,Arthritis,Arthritis,1,1,0,90.43,0.999,GSKDB2113360_v02,Pulmonary_Disease_Chronic_Obstructive,Arthritis : Arthritis,GSK
0.43,Arthritis,Anxiety,0.282,0.561,0.072,2027.9,1,GSKDB2113360_v02,Pulmonary_Disease_Chronic_Obstructive,Arthritis : Anxiety,GSK
-0.11,Diabetes,Arthritis,-0.31,0.107,0.107,597.23,1,GSKDB2113360_v02,Pulmonary_Disease_Chronic_Obstructive,Diabetes : Arthritis,GSK
1,Anxiety,Anxiety,1,1,0,1919.45,0.999,GSKDB2113360_v02,Pulmonary_Disease_Chronic_Obstructive,Anxiety : Anxiety,GSK
-0.04,Diabetes,Anxiety,-0.24,0.18,0.106,1791.28,1,GSKDB2113360_v02,Pulmonary_Disease_Chronic_Obstructive,Diabetes : Anxiety,GSK
1,Diabetes,Diabetes,1,1,0,3063.8,0.999,GSKDB2113360_v02,Pulmonary_Disease_Chronic_Obstructive,Diabetes : Diabetes,GSK
1,Pain,Pain,1,1,0,NA,NA,GSKFFA112059,Asthma,Pain : Pain,GSK
0.21,Pain,Cardiovascular,-0.01,0.413,0.111,2019.42,1.002,GSKFFA112059,Asthma,Pain : Cardiovascular,GSK
0.91,Pain,Arthritis,0.852,0.961,0.028,2158.77,1,GSKFFA112059,Asthma,Pain : Arthritis,GSK
0.36,Pain,Anxiety,0.102,0.597,0.128,2258.54,1,GSKFFA112059,Asthma,Pain : Anxiety,GSK
-0.31,Pain,Acid-related disease,-0.587,0.009,0.15,1185.38,1.001,GSKFFA112059,Asthma,Pain : Acid-related disease,GSK
0.19,Pain,Inflammatory disorders,-0.118,0.499,0.159,1671.5,1,GSKFFA112059,Asthma,Pain : Inflammatory disorders,GSK
1,Cardiovascular,Cardiovascular,1,1,0,2685.53,0.999,GSKFFA112059,Asthma,Cardiovascular : Cardiovascular,GSK
0.26,Cardiovascular,Arthritis,0.049,0.468,0.108,3109.34,1.001,GSKFFA112059,Asthma,Cardiovascular : Arthritis,GSK
-0.03,Cardiovascular,Anxiety,-0.354,0.311,0.17,1954.33,1,GSKFFA112059,Asthma,Cardiovascular : Anxiety,GSK
-0.04,Cardiovascular,Acid-related disease,-0.362,0.279,0.164,1302.48,0.999,GSKFFA112059,Asthma,Cardiovascular : Acid-related disease,GSK
-0.13,Inflammatory disorders,Cardiovascular,-0.534,0.28,0.206,1240.15,1.002,GSKFFA112059,Asthma,Inflammatory disorders : Cardiovascular,GSK
1,Arthritis,Arthritis,1,1,0,NA,NA,GSKFFA112059,Asthma,Arthritis : Arthritis,GSK
0.18,Arthritis,Anxiety,-0.093,0.447,0.139,2051.99,1,GSKFFA112059,Asthma,Arthritis : Anxiety,GSK
-0.44,Arthritis,Acid-related disease,-0.731,-0.098,0.163,567.41,1.006,GSKFFA112059,Asthma,Arthritis : Acid-related disease,GSK
0.26,Inflammatory disorders,Arthritis,-0.068,0.561,0.164,1217.85,1,GSKFFA112059,Asthma,Inflammatory disorders : Arthritis,GSK
1,Anxiety,Anxiety,1,1,0,2038.81,0.999,GSKFFA112059,Asthma,Anxiety : Anxiety,GSK
0.21,Anxiety,Acid-related disease,-0.16,0.542,0.182,1162.57,1,GSKFFA112059,Asthma,Anxiety : Acid-related disease,GSK
-0.21,Inflammatory disorders,Anxiety,-0.711,0.317,0.274,796.24,1.007,GSKFFA112059,Asthma,Inflammatory disorders : Anxiety,GSK
1,Acid-related disease,Acid-related disease,1,1,0,1297.73,0.999,GSKFFA112059,Asthma,Acid-related disease : Acid-related disease,GSK
-0.36,Inflammatory disorders,Acid-related disease,-0.838,0.185,0.275,782.89,1.002,GSKFFA112059,Asthma,Inflammatory disorders : Acid-related disease,GSK
1,Inflammatory disorders,Inflammatory disorders,1,1,0,836.97,0.999,GSKFFA112059,Asthma,Inflammatory disorders : Inflammatory disorders,GSK
1,Pain,Pain,1,1,0,NA,NA,GSKFFA115285,Asthma,Pain : Pain,GSK
0.34,Pain,Cardiovascular,0.052,0.581,0.135,2637.87,1,GSKFFA115285,Asthma,Pain : Cardiovascular,GSK
0.9,Pain,Arthritis,0.793,0.966,0.046,2862.78,1,GSKFFA115285,Asthma,Pain : Arthritis,GSK
0.27,Pain,Anxiety,-0.076,0.591,0.174,1881.86,1.002,GSKFFA115285,Asthma,Pain : Anxiety,GSK
-0.28,Pain,Acid-related disease,-0.723,0.181,0.237,869.85,1,GSKFFA115285,Asthma,Pain : Acid-related disease,GSK
0.26,Pain,Inflammatory disorders,-0.216,0.679,0.23,2963.21,1.001,GSKFFA115285,Asthma,Pain : Inflammatory disorders,GSK
1,Cardiovascular,Cardiovascular,1,1,0,2848.66,0.999,GSKFFA115285,Asthma,Cardiovascular : Cardiovascular,GSK
0.25,Cardiovascular,Arthritis,-0.033,0.517,0.143,3114.7,1.001,GSKFFA115285,Asthma,Cardiovascular : Arthritis,GSK
0.23,Cardiovascular,Anxiety,-0.176,0.579,0.196,2379.32,0.999,GSKFFA115285,Asthma,Cardiovascular : Anxiety,GSK
-0.08,Cardiovascular,Acid-related disease,-0.49,0.339,0.215,1456.3,1,GSKFFA115285,Asthma,Cardiovascular : Acid-related disease,GSK
-0.04,Inflammatory disorders,Cardiovascular,-0.665,0.575,0.332,2539.59,0.999,GSKFFA115285,Asthma,Inflammatory disorders : Cardiovascular,GSK
1,Arthritis,Arthritis,1,1,0,NA,NA,GSKFFA115285,Asthma,Arthritis : Arthritis,GSK
0.26,Arthritis,Anxiety,-0.108,0.595,0.179,1867.13,1,GSKFFA115285,Asthma,Arthritis : Anxiety,GSK
-0.28,Arthritis,Acid-related disease,-0.725,0.189,0.238,1121.45,1.001,GSKFFA115285,Asthma,Arthritis : Acid-related disease,GSK
0.3,Inflammatory disorders,Arthritis,-0.164,0.701,0.231,3476.67,1.002,GSKFFA115285,Asthma,Inflammatory disorders : Arthritis,GSK
1,Anxiety,Anxiety,1,1,0,2698.53,0.999,GSKFFA115285,Asthma,Anxiety : Anxiety,GSK
0.36,Anxiety,Acid-related disease,-0.021,0.686,0.185,2203.43,0.999,GSKFFA115285,Asthma,Anxiety : Acid-related disease,GSK
-0.03,Inflammatory disorders,Anxiety,-0.676,0.594,0.338,2310.41,0.999,GSKFFA115285,Asthma,Inflammatory disorders : Anxiety,GSK
1,Acid-related disease,Acid-related disease,1,1,0,3023.79,0.999,GSKFFA115285,Asthma,Acid-related disease : Acid-related disease,GSK
-0.14,Inflammatory disorders,Acid-related disease,-0.764,0.552,0.354,2099.08,1.002,GSKFFA115285,Asthma,Inflammatory disorders : Acid-related disease,GSK
1,Inflammatory disorders,Inflammatory disorders,1,1,0,718.75,0.999,GSKFFA115285,Asthma,Inflammatory disorders : Inflammatory disorders,GSK
1,Pain,Pain,1,1,0,NA,NA,GSKHGS1006_C1056_v05,Systemic_Lupus_Erythematosus,Pain : Pain,GSK
-0.01,Pain,Cardiovascular,-0.125,0.098,0.057,1991.63,1,GSKHGS1006_C1056_v05,Systemic_Lupus_Erythematosus,Pain : Cardiovascular,GSK
0.31,Pain,Arthritis,0.211,0.415,0.053,1605.35,0.999,GSKHGS1006_C1056_v05,Systemic_Lupus_Erythematosus,Pain : Arthritis,GSK
0.44,Pain,Anxiety,0.343,0.541,0.051,1848.14,1.001,GSKHGS1006_C1056_v05,Systemic_Lupus_Erythematosus,Pain : Anxiety,GSK
-0.16,Pain,Acid-related disease,-0.283,-0.032,0.065,1666.67,1.001,GSKHGS1006_C1056_v05,Systemic_Lupus_Erythematosus,Pain : Acid-related disease,GSK
0.46,Pain,Asthma,0.32,0.595,0.07,1404.66,1,GSKHGS1006_C1056_v05,Systemic_Lupus_Erythematosus,Pain : Asthma,GSK
1,Cardiovascular,Cardiovascular,1,1,0,2861.26,0.999,GSKHGS1006_C1056_v05,Systemic_Lupus_Erythematosus,Cardiovascular : Cardiovascular,GSK
-0.19,Cardiovascular,Arthritis,-0.299,-0.081,0.055,2497.89,1,GSKHGS1006_C1056_v05,Systemic_Lupus_Erythematosus,Cardiovascular : Arthritis,GSK
0.13,Cardiovascular,Anxiety,0.017,0.238,0.057,2261.87,1,GSKHGS1006_C1056_v05,Systemic_Lupus_Erythematosus,Cardiovascular : Anxiety,GSK
0.19,Cardiovascular,Acid-related disease,0.061,0.317,0.065,1967.32,1,GSKHGS1006_C1056_v05,Systemic_Lupus_Erythematosus,Cardiovascular : Acid-related disease,GSK
-0.01,Cardiovascular,Asthma,-0.15,0.124,0.07,2532.16,1,GSKHGS1006_C1056_v05,Systemic_Lupus_Erythematosus,Cardiovascular : Asthma,GSK
1,Arthritis,Arthritis,1,1,0,2768.58,0.999,GSKHGS1006_C1056_v05,Systemic_Lupus_Erythematosus,Arthritis : Arthritis,GSK
0.29,Arthritis,Anxiety,0.181,0.392,0.053,2078.86,1,GSKHGS1006_C1056_v05,Systemic_Lupus_Erythematosus,Arthritis : Anxiety,GSK
-0.79,Arthritis,Acid-related disease,-0.856,-0.712,0.037,1260.69,1.002,GSKHGS1006_C1056_v05,Systemic_Lupus_Erythematosus,Arthritis : Acid-related disease,GSK
0.28,Asthma,Arthritis,0.147,0.404,0.065,1767.07,1.001,GSKHGS1006_C1056_v05,Systemic_Lupus_Erythematosus,Asthma : Arthritis,GSK
1,Anxiety,Anxiety,1,1,0,2072.06,0.999,GSKHGS1006_C1056_v05,Systemic_Lupus_Erythematosus,Anxiety : Anxiety,GSK
-0.13,Anxiety,Acid-related disease,-0.259,0.005,0.067,2775.52,1.001,GSKHGS1006_C1056_v05,Systemic_Lupus_Erythematosus,Anxiety : Acid-related disease,GSK
0.18,Asthma,Anxiety,0.048,0.305,0.065,3055.02,1,GSKHGS1006_C1056_v05,Systemic_Lupus_Erythematosus,Asthma : Anxiety,GSK
1,Acid-related disease,Acid-related disease,1,1,0,2783.84,0.999,GSKHGS1006_C1056_v05,Systemic_Lupus_Erythematosus,Acid-related disease : Acid-related disease,GSK
-0.04,Asthma,Acid-related disease,-0.195,0.121,0.081,1341,1.001,GSKHGS1006_C1056_v05,Systemic_Lupus_Erythematosus,Asthma : Acid-related disease,GSK
1,Asthma,Asthma,1,1,0,2682.56,0.999,GSKHGS1006_C1056_v05,Systemic_Lupus_Erythematosus,Asthma : Asthma,GSK
1,Pain,Pain,1,1,0,NA,NA,GSKHGS1006_C1057_v03,Systemic_Lupus_Erythematosus,Pain : Pain,GSK
0.01,Pain,Cardiovascular,-0.092,0.117,0.053,2848.21,1,GSKHGS1006_C1057_v03,Systemic_Lupus_Erythematosus,Pain : Cardiovascular,GSK
0.3,Pain,Arthritis,0.201,0.391,0.05,1957.63,1,GSKHGS1006_C1057_v03,Systemic_Lupus_Erythematosus,Pain : Arthritis,GSK
0.29,Pain,Anxiety,0.17,0.4,0.059,2266.48,0.999,GSKHGS1006_C1057_v03,Systemic_Lupus_Erythematosus,Pain : Anxiety,GSK
0,Pain,Acid-related disease,-0.119,0.124,0.061,1774.01,1.001,GSKHGS1006_C1057_v03,Systemic_Lupus_Erythematosus,Pain : Acid-related disease,GSK
0.31,Pain,Asthma,0.162,0.456,0.076,2231.24,1,GSKHGS1006_C1057_v03,Systemic_Lupus_Erythematosus,Pain : Asthma,GSK
1,Cardiovascular,Cardiovascular,1,1,0,3129.64,0.999,GSKHGS1006_C1057_v03,Systemic_Lupus_Erythematosus,Cardiovascular : Cardiovascular,GSK
-0.06,Cardiovascular,Arthritis,-0.161,0.051,0.054,2313.09,1,GSKHGS1006_C1057_v03,Systemic_Lupus_Erythematosus,Cardiovascular : Arthritis,GSK
0.14,Cardiovascular,Anxiety,0.021,0.257,0.06,2680.49,1.001,GSKHGS1006_C1057_v03,Systemic_Lupus_Erythematosus,Cardiovascular : Anxiety,GSK
0.08,Cardiovascular,Acid-related disease,-0.044,0.203,0.063,1597.71,1,GSKHGS1006_C1057_v03,Systemic_Lupus_Erythematosus,Cardiovascular : Acid-related disease,GSK
0.06,Cardiovascular,Asthma,-0.087,0.205,0.075,2859.22,1,GSKHGS1006_C1057_v03,Systemic_Lupus_Erythematosus,Cardiovascular : Asthma,GSK
1,Arthritis,Arthritis,1,1,0,2850.04,0.999,GSKHGS1006_C1057_v03,Systemic_Lupus_Erythematosus,Arthritis : Arthritis,GSK
0.36,Arthritis,Anxiety,0.246,0.463,0.055,2039.43,1.001,GSKHGS1006_C1057_v03,Systemic_Lupus_Erythematosus,Arthritis : Anxiety,GSK
-0.75,Arthritis,Acid-related disease,-0.822,-0.66,0.041,1134.65,1,GSKHGS1006_C1057_v03,Systemic_Lupus_Erythematosus,Arthritis : Acid-related disease,GSK
0.29,Asthma,Arthritis,0.151,0.43,0.071,2258.13,1,GSKHGS1006_C1057_v03,Systemic_Lupus_Erythematosus,Asthma : Arthritis,GSK
1,Anxiety,Anxiety,1,1,0,2215.65,0.999,GSKHGS1006_C1057_v03,Systemic_Lupus_Erythematosus,Anxiety : Anxiety,GSK
-0.07,Anxiety,Acid-related disease,-0.212,0.077,0.074,1948.36,1,GSKHGS1006_C1057_v03,Systemic_Lupus_Erythematosus,Anxiety : Acid-related disease,GSK
0.23,Asthma,Anxiety,0.078,0.392,0.08,2123.05,1,GSKHGS1006_C1057_v03,Systemic_Lupus_Erythematosus,Asthma : Anxiety,GSK
1,Acid-related disease,Acid-related disease,1,1,0,2938.62,0.999,GSKHGS1006_C1057_v03,Systemic_Lupus_Erythematosus,Acid-related disease : Acid-related disease,GSK
-0.15,Asthma,Acid-related disease,-0.336,0.037,0.095,932.04,1.002,GSKHGS1006_C1057_v03,Systemic_Lupus_Erythematosus,Asthma : Acid-related disease,GSK
1,Asthma,Asthma,1,1,0,2951.95,0.999,GSKHGS1006_C1057_v03,Systemic_Lupus_Erythematosus,Asthma : Asthma,GSK
1,Pain,Pain,1,1,0,NA,NA,GSKMEA115588,Asthma,Pain : Pain,GSK
0.12,Pain,Cardiovascular,-0.063,0.283,0.088,1379.42,1.002,GSKMEA115588,Asthma,Pain : Cardiovascular,GSK
0.27,Pain,Arthritis,0.077,0.449,0.097,1515.43,1,GSKMEA115588,Asthma,Pain : Arthritis,GSK
0.27,Pain,Anxiety,0.08,0.449,0.092,1630.26,1.001,GSKMEA115588,Asthma,Pain : Anxiety,GSK
0.21,Pain,Acid-related disease,0.048,0.363,0.081,716.36,1.01,GSKMEA115588,Asthma,Pain : Acid-related disease,GSK
0.13,Pain,Inflammatory disorders,-0.031,0.29,0.082,1035.08,1,GSKMEA115588,Asthma,Pain : Inflammatory disorders,GSK
1,Cardiovascular,Cardiovascular,1,1,0,2618.86,0.999,GSKMEA115588,Asthma,Cardiovascular : Cardiovascular,GSK
-0.04,Cardiovascular,Arthritis,-0.239,0.163,0.103,1474.95,1,GSKMEA115588,Asthma,Cardiovascular : Arthritis,GSK
0.16,Cardiovascular,Anxiety,-0.03,0.339,0.093,1605.77,1.001,GSKMEA115588,Asthma,Cardiovascular : Anxiety,GSK
0.08,Cardiovascular,Acid-related disease,-0.084,0.24,0.082,853.89,1.004,GSKMEA115588,Asthma,Cardiovascular : Acid-related disease,GSK
0.03,Inflammatory disorders,Cardiovascular,-0.133,0.196,0.084,1183.46,1,GSKMEA115588,Asthma,Inflammatory disorders : Cardiovascular,GSK
1,Arthritis,Arthritis,1,1,0,2792.82,0.999,GSKMEA115588,Asthma,Arthritis : Arthritis,GSK
0.19,Arthritis,Anxiety,-0.028,0.388,0.104,645.61,1.003,GSKMEA115588,Asthma,Arthritis : Anxiety,GSK
-0.66,Arthritis,Acid-related disease,-0.825,-0.437,0.099,137.75,1.013,GSKMEA115588,Asthma,Arthritis : Acid-related disease,GSK
0.07,Inflammatory disorders,Arthritis,-0.132,0.247,0.097,464.99,1.006,GSKMEA115588,Asthma,Inflammatory disorders : Arthritis,GSK
1,Anxiety,Anxiety,1,1,0,2696.37,0.999,GSKMEA115588,Asthma,Anxiety : Anxiety,GSK
0.1,Anxiety,Acid-related disease,-0.085,0.269,0.09,1280.91,1,GSKMEA115588,Asthma,Anxiety : Acid-related disease,GSK
0.11,Inflammatory disorders,Anxiety,-0.071,0.289,0.092,826.52,1.004,GSKMEA115588,Asthma,Inflammatory disorders : Anxiety,GSK
1,Acid-related disease,Acid-related disease,1,1,0,1053.63,0.999,GSKMEA115588,Asthma,Acid-related disease : Acid-related disease,GSK
0.42,Inflammatory disorders,Acid-related disease,0.287,0.535,0.064,1704.51,1.002,GSKMEA115588,Asthma,Inflammatory disorders : Acid-related disease,GSK
1,Inflammatory disorders,Inflammatory disorders,1,1,0,1826.43,0.999,GSKMEA115588,Asthma,Inflammatory disorders : Inflammatory disorders,GSK
1,Pain,Pain,1,1,0,NA,NA,GSKROR104836,Restless_legs_syndrome,Pain : Pain,GSK
0.15,Pain,Cardiovascular,-0.059,0.359,0.108,862.96,1.006,GSKROR104836,Restless_legs_syndrome,Pain : Cardiovascular,GSK
0.5,Pain,Arthritis,0.295,0.666,0.095,1471.68,1.002,GSKROR104836,Restless_legs_syndrome,Pain : Arthritis,GSK
0.24,Pain,Anxiety,0,0.467,0.122,1008.52,1.002,GSKROR104836,Restless_legs_syndrome,Pain : Anxiety,GSK
0.3,Pain,Acid-related disease,0.014,0.54,0.133,1097.26,1.005,GSKROR104836,Restless_legs_syndrome,Pain : Acid-related disease,GSK
0.47,Pain,Asthma,0.222,0.685,0.12,1189.84,1.001,GSKROR104836,Restless_legs_syndrome,Pain : Asthma,GSK
1,Cardiovascular,Cardiovascular,1,1,0,2824.13,0.999,GSKROR104836,Restless_legs_syndrome,Cardiovascular : Cardiovascular,GSK
0.2,Cardiovascular,Arthritis,-0.011,0.382,0.099,2125.97,1.001,GSKROR104836,Restless_legs_syndrome,Cardiovascular : Arthritis,GSK
0.12,Cardiovascular,Anxiety,-0.095,0.332,0.108,1456.34,1.002,GSKROR104836,Restless_legs_syndrome,Cardiovascular : Anxiety,GSK
0.23,Cardiovascular,Acid-related disease,-0.03,0.458,0.125,1575.7,1.001,GSKROR104836,Restless_legs_syndrome,Cardiovascular : Acid-related disease,GSK
0.17,Cardiovascular,Asthma,-0.115,0.423,0.138,1444.46,1.002,GSKROR104836,Restless_legs_syndrome,Cardiovascular : Asthma,GSK
1,Arthritis,Arthritis,1,1,0,2649.45,0.999,GSKROR104836,Restless_legs_syndrome,Arthritis : Arthritis,GSK
0.32,Arthritis,Anxiety,0.107,0.522,0.108,1252.53,1.002,GSKROR104836,Restless_legs_syndrome,Arthritis : Anxiety,GSK
-0.37,Arthritis,Acid-related disease,-0.646,-0.017,0.162,450.6,1.006,GSKROR104836,Restless_legs_syndrome,Arthritis : Acid-related disease,GSK
0.35,Asthma,Arthritis,0.071,0.594,0.134,1058.52,1.001,GSKROR104836,Restless_legs_syndrome,Asthma : Arthritis,GSK
1,Anxiety,Anxiety,1,1,0,3041.53,0.999,GSKROR104836,Restless_legs_syndrome,Anxiety : Anxiety,GSK
0,Anxiety,Acid-related disease,-0.294,0.293,0.153,1205.56,0.999,GSKROR104836,Restless_legs_syndrome,Anxiety : Acid-related disease,GSK
0.5,Asthma,Anxiety,0.233,0.706,0.121,1549.02,1.001,GSKROR104836,Restless_legs_syndrome,Asthma : Anxiety,GSK
1,Acid-related disease,Acid-related disease,1,1,0,2866.01,0.999,GSKROR104836,Restless_legs_syndrome,Acid-related disease : Acid-related disease,GSK
0.31,Asthma,Acid-related disease,-0.015,0.605,0.158,1185.86,1.001,GSKROR104836,Restless_legs_syndrome,Asthma : Acid-related disease,GSK
1,Asthma,Asthma,1,1,0,130.27,0.999,GSKROR104836,Restless_legs_syndrome,Asthma : Asthma,GSK
